SeniorCitizen,tenure,MonthlyCharges,TotalCharges
0.0,9.0,35.5,407.95
0.0,55.0,90.1,3782.8
0.0,46.0,54.599999999999994,3374.8500000000004
